reserva_id,numero_ticket,vuelo_id,numero_asiento,clase,comida_y_maleta,pasaporte_pasajero
4263,2096,100,21,Primera clase,FALSO,V03976673
1722,4435,130,4,Economica,FALSO,I07581924
2621,6305,96,8,Primera clase,FALSO,F15206543
219,8161,105,6,Ejecutiva,FALSO,P34583903
1037,316,100,22,Economica,VERDADERO,H23592194
1331,3411,114,26,Primera clase,VERDADERO,V03976673
2704,4516,99,17,Economica,VERDADERO,C87025090
3978,3856,121,3,Economica,FALSO,G15489494
616,7951,120,4,Ejecutiva,VERDADERO,J46610530
4160,7946,130,25,Primera clase,VERDADERO,U37349664
820,3309,129,18,Economica,FALSO,J86333952
4470,4133,110,18,Economica,VERDADERO,F15206543
2542,7224,128,21,Ejecutiva,FALSO,R17782317
4209,157,95,19,Economica,VERDADERO,M25657749
2855,8599,102,11,Economica,FALSO,T33834498
372,195,110,20,Economica,VERDADERO,J86333952
1642,4873,126,6,Ejecutiva,FALSO,D76513142
1,8518,95,6,Economica,FALSO,E44895667
1433,7289,119,3,Ejecutiva,VERDADERO,N49905893
2739,9598,100,30,Economica,FALSO,K07643594
692,8254,124,30,Ejecutiva,VERDADERO,P11550487
1269,5809,111,10,Ejecutiva,VERDADERO,J39937043
4772,7700,125,20,Economica,FALSO,N15841852
3891,1031,117,10,Economica,VERDADERO,O01507856
1037,127,100,19,Primera clase,VERDADERO,O41678476
489,385,116,18,Ejecutiva,VERDADERO,X49704522
2542,4984,128,17,Economica,FALSO,L94336722
1991,5775,99,5,Economica,VERDADERO,F70729457
3775,5178,109,25,Economica,FALSO,J86333952
4782,6775,126,2,Primera clase,FALSO,G04408945
2844,2170,101,6,Economica,FALSO,O04335063
4365,9125,103,26,Economica,FALSO,U68917595
4222,5170,96,31,Economica,VERDADERO,G04408945
2151,3117,106,6,Ejecutiva,VERDADERO,J46009647
2220,2381,109,14,Economica,FALSO,G15489494
4247,9932,99,14,Ejecutiva,FALSO,N49905893
2123,1715,104,15,Primera clase,VERDADERO,N07672370
2288,8394,116,20,Primera clase,FALSO,Y23187711
629,719,123,8,Primera clase,FALSO,Y05451726
2262,7979,111,20,Economica,VERDADERO,N47846939
2220,8656,109,24,Ejecutiva,FALSO,L87663260
4365,7017,103,11,Ejecutiva,FALSO,I71542181
3593,550,101,7,Primera clase,FALSO,J86333952
3180,5110,115,12,Economica,VERDADERO,R10584802
9,2563,96,3,Ejecutiva,VERDADERO,F70729457
3739,2154,106,11,Ejecutiva,VERDADERO,J47009281
4437,6065,108,8,Ejecutiva,VERDADERO,J46610530
3739,4968,106,23,Economica,FALSO,H44001820
2855,8734,102,7,Economica,FALSO,D39176940
807,542,128,22,Economica,VERDADERO,O41678476
873,6730,133,6,Economica,VERDADERO,W06120402
4222,7235,96,5,Ejecutiva,FALSO,H44001820
3891,3393,117,16,Primera clase,FALSO,T72132858
1991,2581,99,12,Economica,FALSO,J86333952
4669,9662,118,28,Ejecutiva,VERDADERO,Z09262256
1037,6391,100,12,Economica,VERDADERO,T33834498
2504,815,125,22,Ejecutiva,FALSO,G04408945
2704,5177,99,8,Economica,VERDADERO,C63211080
1422,6731,117,15,Economica,VERDADERO,N49905893
3366,2248,124,6,Primera clase,VERDADERO,O01507856
4265,3175,101,23,Economica,VERDADERO,C87025090
231,936,108,6,Ejecutiva,FALSO,P11550487
2218,6134,108,11,Ejecutiva,VERDADERO,L97895867
2964,9087,107,14,Economica,VERDADERO,T59160871
3845,8358,115,27,Economica,VERDADERO,Y13424296
1618,4807,124,29,Ejecutiva,VERDADERO,V79731274
2910,6732,105,23,Primera clase,VERDADERO,O01507856
2540,2589,127,15,Primera clase,VERDADERO,Q62966391
3231,2945,116,14,Economica,VERDADERO,O85238546
2280,704,114,23,Economica,VERDADERO,H23592194
3588,5215,99,31,Primera clase,FALSO,T33834498
4150,2391,128,31,Economica,VERDADERO,N24258653
4660,83,117,18,Primera clase,VERDADERO,V79731274
3536,2341,95,11,Primera clase,FALSO,J34719947
2875,8601,103,5,Ejecutiva,FALSO,F70729457
1726,5888,131,22,Ejecutiva,FALSO,J46610530
2540,6633,127,19,Economica,FALSO,D84069297
2288,7403,116,28,Primera clase,VERDADERO,X66304032
92,472,99,25,Economica,FALSO,N68461604
4236,1361,97,11,Economica,VERDADERO,C63211080
2226,2243,110,10,Primera clase,FALSO,L94336722
1286,2274,112,21,Primera clase,VERDADERO,M25657749
2556,606,130,24,Primera clase,VERDADERO,F89276118
736,9531,125,3,Economica,VERDADERO,D64763364
2910,3810,105,28,Primera clase,FALSO,V79731274
1016,4726,99,28,Economica,VERDADERO,F09235820
4396,8163,105,11,Primera clase,FALSO,C63211080
2029,4684,101,3,Economica,VERDADERO,H44001820
2288,6965,116,22,Primera clase,VERDADERO,R56995721
1480,1895,121,26,Primera clase,VERDADERO,Q76465555
3396,3329,127,5,Primera clase,VERDADERO,D46250570
4396,7333,105,20,Primera clase,VERDADERO,Z51226931
628,8037,122,5,Ejecutiva,VERDADERO,T72132858
182,7840,104,14,Primera clase,VERDADERO,J39937043
4523,2226,113,2,Economica,FALSO,Q62966391
538,4287,118,23,Economica,VERDADERO,I19062847
736,7666,125,9,Ejecutiva,FALSO,D84069297
2633,6555,98,21,Economica,FALSO,I19062847
3974,3138,120,21,Primera clase,FALSO,H23592194
2542,9885,128,7,Primera clase,VERDADERO,I19062847
3679,114,103,29,Economica,VERDADERO,J46009647
2276,5345,113,27,Economica,VERDADERO,L97895867
4902,4198,129,28,Economica,FALSO,O41678476
3712,9995,104,27,Primera clase,VERDADERO,D99418548
219,246,105,7,Economica,FALSO,L56496275
3668,3235,102,29,Primera clase,VERDADERO,I19062847
2578,670,132,7,Primera clase,VERDADERO,P34583903
4265,2928,101,26,Economica,FALSO,Q62966391
1082,3083,103,28,Ejecutiva,FALSO,V79731274
3832,8398,113,12,Primera clase,VERDADERO,U37349664
2964,4463,107,9,Ejecutiva,VERDADERO,J39937043
1970,2906,97,16,Primera clase,VERDADERO,X66304032
820,7155,129,21,Economica,FALSO,J34719947
3421,4274,130,13,Primera clase,FALSO,D84069297
3294,4478,120,2,Primera clase,FALSO,D76513142
531,5536,117,19,Ejecutiva,FALSO,T18212951
2844,9747,101,17,Ejecutiva,FALSO,N47846939
405,7880,112,14,Ejecutiva,VERDADERO,D39176940
4247,2626,99,15,Ejecutiva,VERDADERO,H44001820
1007,7804,98,8,Economica,VERDADERO,L94336722
444,4471,115,25,Primera clase,FALSO,X66304032
2048,436,102,2,Economica,VERDADERO,E44895667
159,4327,101,25,Economica,VERDADERO,N55362278
905,5864,96,26,Ejecutiva,VERDADERO,L94336722
834,8172,130,9,Economica,FALSO,J46610530
736,8314,125,26,Ejecutiva,VERDADERO,C87025090
2988,9508,108,17,Ejecutiva,FALSO,N07672370
3772,2220,108,19,Economica,VERDADERO,X84322989
1037,384,100,18,Primera clase,VERDADERO,X66304032
842,7042,131,8,Ejecutiva,VERDADERO,D76513142
1515,5471,122,8,Ejecutiva,FALSO,C59429415
2577,5029,131,5,Economica,FALSO,N24258653
4064,5275,125,14,Economica,FALSO,S05106445
3394,8630,126,13,Ejecutiva,FALSO,N24258653
3376,9855,125,19,Primera clase,FALSO,T33834498
538,46,118,21,Economica,VERDADERO,I71394677
4604,8056,114,24,Economica,FALSO,Z09262256
4396,224,105,32,Ejecutiva,VERDADERO,R10584802
2621,2153,96,17,Ejecutiva,VERDADERO,T18212951
2543,3002,129,22,Economica,VERDADERO,N49905893
736,840,125,28,Economica,FALSO,Y23187711
3339,1959,123,26,Economica,FALSO,N47846939
159,265,101,19,Ejecutiva,FALSO,C59429415
3845,4062,115,22,Economica,VERDADERO,I71394677
3972,4381,119,23,Economica,VERDADERO,X66304032
435,65,114,25,Economica,FALSO,O85238546
4697,4213,119,8,Economica,VERDADERO,I63697476
4158,5661,129,16,Economica,FALSO,P11550487
4772,8076,125,18,Economica,FALSO,V03976673
4831,8783,128,4,Economica,VERDADERO,F23633774
2556,8835,130,11,Economica,VERDADERO,T59160871
4979,8180,132,25,Ejecutiva,FALSO,X66304032
1687,9189,128,26,Primera clase,FALSO,N47846939
2542,1146,128,20,Economica,FALSO,Q76465555
2515,6214,126,1,Primera clase,VERDADERO,P84627985
3463,2142,132,21,Primera clase,FALSO,V79731274
1196,7102,109,10,Primera clase,VERDADERO,X49704522
2577,4105,131,7,Economica,FALSO,P84627985
3405,8459,128,5,Primera clase,FALSO,G69357980
2504,4856,125,7,Economica,FALSO,Y13424296
2465,4966,122,2,Economica,VERDADERO,M25657749
2578,2097,132,8,Economica,VERDADERO,Y88079794
3394,181,126,25,Ejecutiva,FALSO,Z87364523
4160,2636,130,7,Ejecutiva,VERDADERO,W06120402
2515,8266,126,12,Ejecutiva,FALSO,Z09262256
1051,4275,101,24,Ejecutiva,VERDADERO,Z87364523
4241,6330,98,23,Ejecutiva,FALSO,V79731274
4727,420,121,10,Economica,FALSO,X66304032
4186,8535,132,22,Economica,FALSO,M25657749
1749,9823,133,14,Economica,FALSO,I63697476
736,6672,125,30,Ejecutiva,FALSO,J46009647
894,681,95,8,Ejecutiva,VERDADERO,H44001820
1995,8911,100,6,Economica,FALSO,M25657749
3294,5384,120,20,Primera clase,VERDADERO,N07672370
2500,7720,124,15,Economica,FALSO,N15841852
1687,5779,128,25,Economica,FALSO,N55362278
4782,4052,126,14,Ejecutiva,FALSO,J34719947
3825,7198,112,18,Economica,VERDADERO,Y38354449
4669,3813,118,19,Economica,FALSO,R17782317
797,3026,127,29,Economica,FALSO,D76513142
1080,1500,102,26,Economica,FALSO,Y05451726
4160,2008,130,19,Ejecutiva,FALSO,Q62966391
2339,7043,118,16,Primera clase,FALSO,D64763364
3845,99,115,3,Ejecutiva,FALSO,G15489494
905,256,96,2,Ejecutiva,FALSO,D46250570
2301,380,117,23,Economica,VERDADERO,G15489494
1623,190,125,31,Economica,VERDADERO,O01507856
3168,694,114,18,Economica,FALSO,P34583903
414,9054,113,8,Primera clase,VERDADERO,J86333952
4033,4769,124,22,Primera clase,FALSO,J34719947
1699,8667,129,17,Economica,VERDADERO,J76795477
231,7411,108,5,Economica,VERDADERO,G15489494
3752,7007,107,1,Ejecutiva,VERDADERO,K07643594
2704,4696,99,24,Economica,VERDADERO,T18212951
4437,7299,108,4,Economica,FALSO,F15206543
4123,9562,126,19,Economica,FALSO,J39937043
2029,9559,101,15,Economica,FALSO,J34719947
3891,1591,117,9,Primera clase,VERDADERO,I71542181
2936,569,106,22,Economica,VERDADERO,Y38354449
1749,9081,133,29,Ejecutiva,VERDADERO,I71542181
4268,6552,102,17,Economica,FALSO,P84627985
736,4997,125,2,Economica,VERDADERO,J39937043
2936,3901,106,21,Economica,FALSO,F09235820
905,1910,96,4,Primera clase,FALSO,N49905893
3999,3904,122,13,Economica,VERDADERO,H23592194
414,2613,113,10,Economica,FALSO,Y33413387
3298,7618,121,12,Economica,FALSO,C59429415
3409,4056,129,3,Economica,VERDADERO,X84322989
1433,622,119,5,Economica,VERDADERO,D84069297
4604,4303,114,5,Economica,FALSO,C87025090
1515,6582,122,7,Economica,FALSO,C63211080
2262,5763,111,30,Economica,FALSO,C59429415
2543,7745,129,8,Ejecutiva,VERDADERO,I71542181
3978,5169,121,28,Ejecutiva,FALSO,L56496275
2054,5287,103,21,Ejecutiva,FALSO,J39937043
4490,6554,112,20,Ejecutiva,FALSO,D64763364
3405,8512,128,24,Primera clase,FALSO,O01507856
4763,1836,123,1,Primera clase,VERDADERO,F09235820
2578,6024,132,12,Economica,VERDADERO,U37349664
1269,8748,111,12,Economica,FALSO,X49704522
531,7091,117,2,Ejecutiva,FALSO,O04335063
3333,5854,122,12,Primera clase,FALSO,F23633774
3825,1600,112,25,Primera clase,VERDADERO,J33947155
1331,1388,114,16,Economica,VERDADERO,L94336722
1970,659,97,13,Primera clase,VERDADERO,Z87364523
231,7659,108,15,Primera clase,VERDADERO,L94336722
4150,965,128,16,Economica,VERDADERO,N15841852
2276,2284,113,30,Economica,VERDADERO,Y38354449
2875,8840,103,22,Economica,VERDADERO,G15489494
2218,4672,108,16,Economica,FALSO,H44001820
2262,3500,111,31,Economica,FALSO,R17782317
4268,5857,102,18,Ejecutiva,VERDADERO,F69466449
3568,8980,98,14,Primera clase,FALSO,I71394677
2262,8903,111,14,Economica,VERDADERO,M25657749
3366,9752,124,31,Ejecutiva,VERDADERO,D46250570
174,9451,102,21,Ejecutiva,FALSO,P11550487
1090,972,104,21,Ejecutiva,FALSO,N55362278
2556,3521,130,12,Economica,VERDADERO,A17367163
3564,529,97,29,Primera clase,VERDADERO,R10584802
4669,7355,118,7,Ejecutiva,FALSO,I63697476
3037,3142,110,21,Primera clase,FALSO,D39176940
4473,565,111,23,Primera clase,FALSO,T18212951
1699,1598,129,29,Economica,FALSO,I19062847
905,35,96,22,Economica,FALSO,X49704522
1623,9677,125,10,Primera clase,FALSO,V79731274
102,4469,100,17,Economica,VERDADERO,O01507856
3231,8327,116,23,Economica,VERDADERO,A40223024
4464,2529,109,1,Economica,FALSO,R56995721
2048,4492,102,4,Ejecutiva,FALSO,D76513142
1082,1152,103,20,Primera clase,VERDADERO,O04335063
2133,5164,105,10,Ejecutiva,FALSO,F23633774
3887,2752,116,25,Economica,VERDADERO,V03976673
3951,4135,118,15,Primera clase,FALSO,U68917595
2151,4016,106,17,Ejecutiva,VERDADERO,H23592194
843,5094,132,19,Primera clase,VERDADERO,E44895667
102,5870,100,2,Economica,VERDADERO,R56995721
4265,3524,101,12,Ejecutiva,FALSO,D84069297
3817,645,110,23,Primera clase,VERDADERO,D99418548
1195,7768,108,22,Economica,VERDADERO,I07581924
736,3429,125,16,Economica,FALSO,N07672370
3536,9347,95,31,Economica,VERDADERO,G04408945
3450,4253,131,14,Primera clase,FALSO,L97895867
3819,8320,111,19,Economica,FALSO,X84322989
3080,2397,112,4,Ejecutiva,FALSO,F15206543
3728,3863,105,31,Economica,FALSO,J33947155
3298,2550,121,30,Primera clase,VERDADERO,Y13424296
4188,4567,133,18,Ejecutiva,FALSO,V79731274
2515,2957,126,27,Ejecutiva,VERDADERO,X91486662
1195,4922,108,13,Ejecutiva,VERDADERO,T59160871
736,5200,125,17,Economica,VERDADERO,I63697476
1618,1291,124,20,Economica,FALSO,P84627985
221,4011,106,15,Ejecutiva,VERDADERO,A17367163
1722,5956,130,14,Ejecutiva,VERDADERO,N07672370
4268,7160,102,19,Economica,VERDADERO,C59429415
3366,9078,124,3,Ejecutiva,FALSO,D76513142
3037,198,110,14,Primera clase,FALSO,J47009281
4634,9658,115,28,Ejecutiva,FALSO,T72132858
174,4219,102,23,Economica,VERDADERO,O41678476
1733,2237,132,11,Primera clase,FALSO,S03830222
4831,2014,128,32,Ejecutiva,VERDADERO,J47009281
4922,1358,130,21,Economica,VERDADERO,Y33413387
2271,7900,112,11,Primera clase,VERDADERO,P84627985
3147,1798,113,19,Economica,VERDADERO,J39937043
3712,34,104,20,Economica,FALSO,N49905893
2262,1834,111,13,Economica,FALSO,A17367163
1,8241,95,7,Primera clase,FALSO,V03976673
1090,8012,104,6,Primera clase,FALSO,S05106445
2616,4061,95,23,Primera clase,FALSO,I71542181
3588,7436,99,9,Economica,VERDADERO,D46250570
219,213,105,12,Primera clase,FALSO,T33834498
4926,5311,131,19,Ejecutiva,FALSO,I19062847
4831,5977,128,12,Primera clase,VERDADERO,B30315997
4831,8483,128,18,Primera clase,FALSO,R56995721
4177,6192,131,3,Economica,VERDADERO,X49704522
4222,9663,96,25,Economica,VERDADERO,O41678476
1927,2427,96,11,Economica,VERDADERO,J34719947
3080,6168,112,12,Primera clase,VERDADERO,D99418548
2193,5705,107,8,Ejecutiva,FALSO,Y23187711
3287,977,118,12,Primera clase,FALSO,K07643594
1251,4719,110,3,Economica,FALSO,S03830222
219,6873,105,21,Primera clase,VERDADERO,J76795477
4160,3507,130,20,Primera clase,VERDADERO,L94336722
807,3196,128,28,Primera clase,VERDADERO,V39868007
842,3430,131,4,Economica,VERDADERO,O04335063
1288,1701,113,3,Ejecutiva,VERDADERO,G15489494
2151,7842,106,16,Ejecutiva,FALSO,Z09262256
2465,9726,122,9,Economica,VERDADERO,G69357980
4646,1876,116,32,Economica,FALSO,Y33413387
444,1369,115,29,Economica,VERDADERO,J46610530
3817,33,110,25,Primera clase,FALSO,C63211080
4241,4257,98,4,Economica,FALSO,J33947155
4782,9988,126,31,Economica,FALSO,N15841852
4396,8613,105,27,Primera clase,VERDADERO,W06120402
4437,2955,108,3,Ejecutiva,VERDADERO,Y88079794
3180,753,115,13,Ejecutiva,FALSO,H23592194
3679,2661,103,13,Ejecutiva,VERDADERO,F23633774
1113,4246,105,29,Economica,FALSO,E44895667
4771,6623,124,16,Economica,FALSO,F70729457
3421,540,130,16,Primera clase,FALSO,B30315997
2280,2691,114,7,Economica,VERDADERO,U37349664
1433,2921,119,21,Economica,FALSO,Z87364523
2616,6924,95,24,Ejecutiva,VERDADERO,R10584802
372,7782,110,12,Ejecutiva,VERDADERO,L87663260
616,4865,120,3,Economica,FALSO,Y13424296
1269,1856,111,5,Primera clase,FALSO,D99418548
1436,1540,120,11,Ejecutiva,VERDADERO,T33834498
435,251,114,30,Primera clase,VERDADERO,O04335063
3679,8449,103,23,Economica,VERDADERO,J76795477
1927,2779,96,30,Economica,FALSO,N24258653
3147,3910,113,9,Primera clase,FALSO,X84322989
4470,3824,110,11,Ejecutiva,FALSO,I19062847
25,2415,98,11,Economica,FALSO,J46009647
1269,4386,111,3,Primera clase,VERDADERO,N07672370
4241,2496,98,17,Primera clase,FALSO,C59429415
945,1610,97,12,Primera clase,FALSO,N55362278
623,839,121,23,Economica,VERDADERO,N07672370
4660,5481,117,17,Primera clase,FALSO,T59160871
1269,2136,111,29,Economica,FALSO,D64763364
873,8745,133,11,Economica,FALSO,J46009647
4464,66,109,18,Primera clase,FALSO,K07643594
1195,2139,108,18,Economica,FALSO,J76795477
2414,4331,119,14,Primera clase,FALSO,A17367163
2875,5869,103,18,Primera clase,VERDADERO,Y38354449
2123,9596,104,23,Economica,VERDADERO,J34719947
1,8653,95,13,Economica,VERDADERO,D76513142
21,1237,97,22,Economica,VERDADERO,O85238546
1269,4695,111,17,Economica,FALSO,L97895867
3999,899,122,10,Economica,VERDADERO,D39176940
174,7101,102,9,Economica,VERDADERO,D84069297
1090,7257,104,30,Economica,FALSO,X91486662
3564,9144,97,21,Primera clase,VERDADERO,F23633774
1907,1143,95,15,Primera clase,VERDADERO,X66304032
3568,20,98,6,Primera clase,VERDADERO,S05106445
4981,5051,133,2,Economica,FALSO,O85238546
2440,4488,120,13,Ejecutiva,FALSO,D46250570
4726,4194,120,16,Economica,VERDADERO,G96421276
1269,9533,111,8,Economica,VERDADERO,V03976673
4137,7865,127,14,Economica,FALSO,G15489494
9,1247,96,18,Economica,FALSO,P84627985
2262,6687,111,21,Economica,FALSO,W06120402
2964,2920,107,3,Economica,FALSO,Y88079794
820,1803,129,4,Primera clase,FALSO,L87663260
4123,9323,126,11,Primera clase,FALSO,Y38354449
4726,5420,120,28,Economica,FALSO,J86333952
489,739,116,19,Economica,VERDADERO,J39937043
4763,1539,123,20,Ejecutiva,VERDADERO,D39176940
3836,4307,114,12,Economica,FALSO,F15206543
3168,8101,114,8,Economica,VERDADERO,I71394677
4404,6603,106,27,Primera clase,FALSO,F15206543
1699,146,129,25,Economica,FALSO,D99418548
4660,5238,117,11,Primera clase,VERDADERO,X91486662
231,7278,108,26,Ejecutiva,FALSO,N68461604
4427,3668,107,18,Primera clase,VERDADERO,E44895667
4926,119,131,16,Economica,FALSO,A17367163
3825,637,112,5,Ejecutiva,VERDADERO,W23173820
222,3771,107,6,Economica,VERDADERO,J46009647
1515,2919,122,24,Primera clase,FALSO,I78807927
736,9912,125,6,Ejecutiva,FALSO,Q76465555
797,4691,127,3,Primera clase,FALSO,O85238546
4646,7757,116,13,Primera clase,VERDADERO,I19062847
1970,4033,97,24,Economica,VERDADERO,O41678476
102,3482,100,7,Ejecutiva,VERDADERO,G96421276
4365,7655,103,12,Primera clase,FALSO,N55362278
4763,2862,123,32,Ejecutiva,FALSO,N15841852
1678,2028,127,23,Primera clase,VERDADERO,Z87364523
222,957,107,23,Primera clase,VERDADERO,L87663260
4604,9396,114,6,Ejecutiva,VERDADERO,B30315997
372,2089,110,22,Economica,FALSO,R17782317
613,7515,119,24,Primera clase,FALSO,L56496275
2556,3187,130,15,Economica,FALSO,Z87364523
3568,6894,98,16,Ejecutiva,VERDADERO,F23633774
92,4340,99,7,Economica,FALSO,G15489494
2621,3682,96,28,Ejecutiva,VERDADERO,I19062847
3405,5378,128,14,Economica,FALSO,Y23187711
1927,3192,96,1,Economica,VERDADERO,O01507856
2633,791,98,2,Economica,FALSO,Z51226931
2910,6358,105,8,Primera clase,FALSO,U37349664
4669,9949,118,9,Economica,FALSO,Y05451726
3287,9692,118,24,Economica,FALSO,F69466449
4177,7015,131,23,Economica,FALSO,Z09262256
2855,8568,102,22,Economica,FALSO,X66304032
3712,5333,104,5,Primera clase,VERDADERO,I71542181
3728,1505,105,15,Ejecutiva,VERDADERO,F89276118
435,2714,114,10,Ejecutiva,VERDADERO,T59160871
4697,3380,119,25,Primera clase,FALSO,D64763364
4033,3538,124,32,Primera clase,FALSO,J47009281
1080,1726,102,5,Primera clase,VERDADERO,R17782317
2875,9947,103,25,Economica,VERDADERO,D46250570
4241,2072,98,24,Economica,FALSO,X66304032
3003,7161,109,6,Primera clase,FALSO,G96421276
873,1837,133,13,Economica,FALSO,Y88079794
2988,8299,108,20,Economica,VERDADERO,F23633774
1542,8953,123,28,Economica,VERDADERO,I78807927
3168,6828,114,27,Ejecutiva,VERDADERO,Y38354449
4209,2350,95,4,Ejecutiva,VERDADERO,L94336722
2262,5862,111,18,Economica,VERDADERO,L94336722
3887,8547,116,11,Economica,VERDADERO,J33947155
2218,2354,108,14,Primera clase,FALSO,I78807927
873,5766,133,21,Primera clase,FALSO,Y05451726
403,2339,111,11,Primera clase,VERDADERO,L87663260
4123,9204,126,30,Economica,FALSO,V39868007
4427,630,107,10,Primera clase,VERDADERO,F70729457
4727,1396,121,15,Economica,VERDADERO,X91486662
2280,31,114,4,Economica,VERDADERO,N24258653
2577,8480,131,11,Economica,FALSO,L56496275
102,5841,100,16,Economica,FALSO,N24258653
2262,2724,111,16,Primera clase,FALSO,I78807927
2890,7567,104,22,Economica,FALSO,O41678476
255,9052,109,28,Primera clase,VERDADERO,I63697476
4772,854,125,24,Economica,FALSO,O85238546
4800,1080,127,6,Economica,VERDADERO,U37349664
4758,9593,122,25,Ejecutiva,FALSO,E44895667
905,3331,96,20,Economica,VERDADERO,W23173820
2625,2168,97,20,Economica,VERDADERO,N47846939
1430,986,118,18,Economica,VERDADERO,L56496275
2875,117,103,14,Economica,VERDADERO,X84322989
3396,5363,127,2,Economica,FALSO,G04408945
3752,3611,107,25,Ejecutiva,VERDADERO,Z09262256
4902,7484,129,6,Economica,FALSO,B30315997
2262,2292,111,9,Economica,VERDADERO,P11550487
4004,9435,123,31,Primera clase,VERDADERO,G96421276
1618,3214,124,28,Economica,FALSO,J46009647
2465,2578,122,17,Economica,FALSO,A40223024
3294,4764,120,5,Primera clase,VERDADERO,K07643594
4004,8829,123,19,Primera clase,FALSO,O41678476
905,6016,96,19,Ejecutiva,VERDADERO,F89276118
4926,8272,131,18,Economica,VERDADERO,D99418548
3080,3139,112,22,Ejecutiva,FALSO,X91486662
1991,4170,99,29,Economica,VERDADERO,D84069297
2193,7233,107,12,Economica,VERDADERO,U37349664
2281,8217,115,15,Primera clase,FALSO,X49704522
174,9569,102,10,Ejecutiva,VERDADERO,G69357980
1090,3570,104,26,Economica,VERDADERO,A17367163
4473,2475,111,25,Primera clase,VERDADERO,F15206543
3972,4475,119,7,Ejecutiva,FALSO,U68917595
743,348,126,22,Ejecutiva,VERDADERO,L56496275
2193,5853,107,4,Ejecutiva,VERDADERO,W06120402
3287,2329,118,1,Economica,FALSO,F89276118
1331,4357,114,11,Economica,VERDADERO,M25657749
3536,6868,95,18,Primera clase,FALSO,G15489494
1007,8281,98,12,Economica,FALSO,Z09262256
3037,6212,110,17,Economica,FALSO,A40223024
2964,7738,107,26,Primera clase,VERDADERO,I71542181
3293,2821,119,9,Primera clase,VERDADERO,P34583903
2262,7657,111,6,Ejecutiva,VERDADERO,Y23187711
3463,5896,132,20,Ejecutiva,VERDADERO,N07672370
736,981,125,1,Primera clase,FALSO,J33947155
3293,9031,119,17,Primera clase,FALSO,C59429415
1361,8504,115,18,Primera clase,VERDADERO,P11550487
3080,8744,112,27,Economica,FALSO,S03830222
174,4453,102,8,Primera clase,FALSO,I07581924
3003,8724,109,15,Economica,VERDADERO,Z87364523
405,6198,112,15,Ejecutiva,VERDADERO,V79731274
4123,8589,126,28,Ejecutiva,VERDADERO,H44001820
2621,8715,96,23,Economica,VERDADERO,K07643594
3593,9669,101,10,Economica,FALSO,N49905893
3147,6463,113,25,Economica,VERDADERO,I07581924
1542,2060,123,22,Economica,VERDADERO,I71394677
3471,4702,133,27,Ejecutiva,FALSO,G15489494
174,3633,102,12,Primera clase,FALSO,Y33413387
3237,6441,117,25,Ejecutiva,VERDADERO,F09235820
3059,1649,111,4,Ejecutiva,VERDADERO,G15489494
2542,4538,128,27,Primera clase,VERDADERO,C63211080
3231,9822,116,24,Economica,FALSO,E44895667
1733,6912,132,2,Economica,VERDADERO,R56995721
4727,3441,121,19,Primera clase,FALSO,Z09262256
4922,6586,130,5,Ejecutiva,FALSO,J46009647
743,9806,126,23,Ejecutiva,VERDADERO,C59429415
255,951,109,19,Ejecutiva,VERDADERO,D84069297
3564,7165,97,4,Primera clase,FALSO,Q62966391
2577,8940,131,10,Economica,FALSO,P34583903
3394,5007,126,24,Economica,VERDADERO,J46610530
2133,5569,105,1,Ejecutiva,FALSO,Y13424296
159,2378,101,8,Economica,VERDADERO,N07672370
1288,9141,113,21,Ejecutiva,VERDADERO,S03830222
2578,5567,132,18,Economica,VERDADERO,T72132858
2281,8633,115,16,Economica,FALSO,H44001820
3819,3959,111,22,Economica,FALSO,D39176940
1251,9712,110,5,Ejecutiva,FALSO,K07643594
2193,1282,107,24,Economica,VERDADERO,N07672370
628,5073,122,4,Economica,FALSO,Y38354449
2048,4134,102,30,Ejecutiva,FALSO,J86333952
2540,7756,127,28,Economica,FALSO,U68917595
3668,2582,102,13,Ejecutiva,FALSO,L56496275
4033,6071,124,21,Ejecutiva,VERDADERO,G04408945
1975,7481,98,22,Primera clase,FALSO,R10584802
3972,2859,119,18,Primera clase,FALSO,O01507856
3231,6724,116,29,Ejecutiva,VERDADERO,F70729457
1361,5642,115,26,Primera clase,FALSO,C87025090
3772,4784,108,7,Primera clase,VERDADERO,Q62966391
2739,8378,100,11,Primera clase,FALSO,J33947155
3450,1487,131,13,Ejecutiva,FALSO,A40223024
1,5294,95,14,Primera clase,FALSO,W23173820
4265,4390,101,29,Primera clase,FALSO,Y88079794
4404,4982,106,1,Economica,VERDADERO,Y13424296
3450,3902,131,21,Ejecutiva,VERDADERO,V39868007
1618,4205,124,13,Economica,FALSO,J76795477
4470,2140,110,26,Economica,VERDADERO,N68461604
3832,7491,113,22,Economica,FALSO,J47009281
2739,9095,100,28,Economica,VERDADERO,J47009281
3168,4021,114,21,Economica,VERDADERO,P84627985
3405,9027,128,15,Ejecutiva,FALSO,R10584802
435,308,114,28,Ejecutiva,FALSO,N07672370
1722,6139,130,6,Economica,VERDADERO,N68461604
4669,3508,118,13,Economica,VERDADERO,Y33413387
1422,4207,117,4,Primera clase,FALSO,L87663260
4404,3585,106,29,Economica,VERDADERO,R56995721
1269,8814,111,15,Ejecutiva,FALSO,G04408945
2597,756,133,20,Economica,VERDADERO,N15841852
4236,807,97,32,Economica,VERDADERO,I63697476
2220,2754,109,20,Economica,VERDADERO,H23592194
629,2265,123,29,Economica,VERDADERO,L56496275
1480,7872,121,18,Economica,VERDADERO,V39868007
4763,9088,123,21,Ejecutiva,FALSO,O01507856
3772,2191,108,29,Primera clase,VERDADERO,N24258653
2262,7761,111,24,Economica,VERDADERO,D46250570
1436,7412,120,23,Economica,FALSO,E44895667
4490,9085,112,28,Economica,FALSO,F70729457
616,7950,120,10,Primera clase,VERDADERO,D39176940
3728,7593,105,2,Economica,VERDADERO,J47009281
3593,2486,101,9,Economica,VERDADERO,Y05451726
435,9748,114,17,Economica,FALSO,Z87364523
2500,8830,124,19,Economica,VERDADERO,T59160871
4064,7297,125,12,Primera clase,VERDADERO,X66304032
1195,7721,108,2,Economica,FALSO,L56496275
1037,5679,100,15,Economica,VERDADERO,W23173820
736,6837,125,4,Primera clase,VERDADERO,G15489494
1090,4541,104,11,Economica,FALSO,O04335063
2855,7111,102,6,Economica,VERDADERO,C87025090
1678,1261,127,27,Primera clase,VERDADERO,T18212951
4268,2446,102,24,Primera clase,FALSO,V03976673
1165,5963,107,7,Economica,VERDADERO,X84322989
2910,3354,105,30,Economica,FALSO,D76513142
3591,4302,100,4,Ejecutiva,VERDADERO,F69466449
4771,482,124,5,Ejecutiva,VERDADERO,I63697476
182,2943,104,28,Primera clase,VERDADERO,N24258653
174,4943,102,16,Ejecutiva,VERDADERO,Y88079794
894,3065,95,12,Primera clase,VERDADERO,Y23187711
616,7732,120,9,Primera clase,VERDADERO,L87663260
4727,5598,121,11,Ejecutiva,FALSO,D46250570
4902,2407,129,5,Primera clase,VERDADERO,F15206543
2616,1914,95,9,Economica,FALSO,T33834498
405,325,112,3,Ejecutiva,FALSO,O85238546
3037,1217,110,6,Primera clase,FALSO,J46610530
3421,9749,130,18,Economica,FALSO,F69466449
1991,8276,99,30,Ejecutiva,VERDADERO,R56995721
4922,1675,130,22,Economica,VERDADERO,
3668,7853,102,15,Economica,VERDADERO,J46610530
405,3741,112,8,Economica,FALSO,Z87364523
221,3945,106,19,Economica,FALSO,N15841852
2497,9029,123,9,Ejecutiva,VERDADERO,R17782317
1113,1678,105,4,Primera clase,VERDADERO,T59160871
4727,4091,121,2,Economica,FALSO,I07581924
2054,6684,103,9,Primera clase,FALSO,L56496275
92,1926,99,20,Economica,FALSO,F23633774
4669,7884,118,2,Primera clase,FALSO,G69357980
2497,6685,123,18,Economica,FALSO,R56995721
1726,4349,131,12,Economica,VERDADERO,I71542181
3972,5128,119,28,Economica,FALSO,F09235820
4782,134,126,5,Ejecutiva,FALSO,Y33413387
4177,6844,131,15,Ejecutiva,FALSO,Z87364523
3775,9634,109,9,Economica,FALSO,V39868007
3536,967,95,27,Economica,VERDADERO,Y13424296
3409,353,129,23,Economica,FALSO,F89276118
2704,4457,99,10,Primera clase,FALSO,X84322989
736,7163,125,23,Economica,FALSO,L94336722
3471,7647,133,23,Economica,FALSO,X49704522
1090,8156,104,9,Economica,VERDADERO,G15489494
3405,7913,128,6,Economica,FALSO,A40223024
1699,3739,129,10,Primera clase,VERDADERO,J33947155
4473,7914,111,26,Economica,VERDADERO,R56995721
1907,4510,95,17,Primera clase,FALSO,D99418548
3593,2710,101,18,Primera clase,VERDADERO,I19062847
1037,8174,100,29,Economica,FALSO,D99418548
1269,5074,111,7,Primera clase,VERDADERO,G96421276
4236,1674,97,19,Economica,FALSO,T72132858
1515,193,122,1,Economica,FALSO,X66304032
4523,1443,113,31,Ejecutiva,FALSO,L56496275
4727,9751,121,21,Economica,VERDADERO,S05106445
1995,5522,100,24,Primera clase,VERDADERO,Y13424296
4646,631,116,21,Primera clase,FALSO,O41678476
3564,2586,97,15,Ejecutiva,VERDADERO,I07581924
3003,8877,109,21,Ejecutiva,FALSO,C87025090
3593,8476,101,20,Economica,FALSO,K07643594
4158,5539,129,27,Ejecutiva,FALSO,Y23187711
3974,872,120,15,Economica,FALSO,A17367163
1405,6144,116,26,Ejecutiva,VERDADERO,T33834498
842,7587,131,9,Ejecutiva,FALSO,X84322989
538,3595,118,20,Economica,FALSO,F15206543
1037,8501,100,13,Ejecutiva,VERDADERO,I07581924
2226,853,110,16,Economica,FALSO,V03976673
4365,9203,103,1,Economica,VERDADERO,D64763364
2448,9252,121,7,Economica,VERDADERO,W23173820
21,4238,97,30,Ejecutiva,FALSO,V39868007
3366,1978,124,10,Economica,VERDADERO,W06120402
3588,7651,99,11,Primera clase,VERDADERO,P34583903
1331,8842,114,15,Economica,VERDADERO,V39868007
4263,6558,100,1,Economica,FALSO,C87025090
1687,1377,128,19,Economica,VERDADERO,O04335063
1687,8496,128,10,Primera clase,FALSO,N49905893
3887,2782,116,30,Ejecutiva,FALSO,J47009281
4427,4694,107,16,Primera clase,VERDADERO,B30315997
1286,6570,112,19,Economica,VERDADERO,P11550487
2875,6638,103,7,Economica,FALSO,L94336722
4236,1285,97,17,Ejecutiva,VERDADERO,Z09262256
628,7767,122,6,Economica,VERDADERO,J76795477
4372,6140,104,3,Economica,FALSO,R17782317
2625,7303,97,25,Economica,VERDADERO,Y05451726
2448,5274,121,16,Ejecutiva,FALSO,N15841852
531,9744,117,8,Ejecutiva,FALSO,N15841852
1080,3111,102,25,Economica,VERDADERO,D99418548
3845,6211,115,17,Economica,VERDADERO,O04335063
4772,5777,125,21,Economica,VERDADERO,U68917595
3712,3895,104,32,Ejecutiva,FALSO,U37349664
4033,7212,124,1,Economica,FALSO,J86333952
1288,2431,113,23,Economica,VERDADERO,L87663260
4523,4991,113,1,Ejecutiva,VERDADERO,T33834498
2448,493,121,1,Ejecutiva,FALSO,Y88079794
9,1103,96,14,Primera clase,FALSO,D84069297
2890,5995,104,31,Economica,VERDADERO,Y88079794
1970,394,97,31,Primera clase,VERDADERO,X84322989
820,4806,129,19,Economica,VERDADERO,F09235820
174,9302,102,20,Economica,VERDADERO,G04408945
2281,2195,115,14,Economica,VERDADERO,M25657749
842,442,131,25,Economica,FALSO,K07643594
2440,6539,120,14,Primera clase,FALSO,Q62966391
372,3120,110,15,Economica,VERDADERO,H23592194
4137,4012,127,4,Ejecutiva,FALSO,F89276118
1907,1637,95,16,Economica,FALSO,C87025090
3951,881,118,26,Economica,VERDADERO,C59429415
1618,8996,124,25,Economica,FALSO,N47846939
3739,6113,106,14,Primera clase,VERDADERO,P11550487
613,6604,119,15,Economica,FALSO,V79731274
2504,3230,125,5,Economica,VERDADERO,L87663260
221,7293,106,5,Ejecutiva,VERDADERO,P34583903
3287,9135,118,17,Ejecutiva,FALSO,S03830222
2988,1445,108,12,Ejecutiva,VERDADERO,A17367163
1733,583,132,17,Primera clase,FALSO,J46009647
2597,1911,133,25,Economica,FALSO,N47846939
4427,8864,107,15,Ejecutiva,VERDADERO,Y05451726
2054,6123,103,19,Economica,FALSO,H44001820
2844,7716,101,28,Economica,VERDADERO,B30315997
629,1568,123,13,Economica,VERDADERO,I63697476
3974,5810,120,22,Economica,VERDADERO,P84627985
25,5940,98,10,Economica,VERDADERO,J34719947
102,7256,100,27,Economica,VERDADERO,V39868007
3591,4983,100,20,Economica,VERDADERO,Z51226931
4188,1016,133,9,Economica,FALSO,Y23187711
4150,3921,128,30,Ejecutiva,FALSO,D76513142
1515,8029,122,26,Economica,VERDADERO,Z09262256
2616,5525,95,10,Ejecutiva,VERDADERO,N15841852
3887,2433,116,27,Ejecutiva,VERDADERO,G96421276
3396,2806,127,13,Economica,FALSO,H44001820
2339,3174,118,14,Primera clase,FALSO,G15489494
1016,2975,99,13,Economica,FALSO,D39176940
1430,2725,118,4,Economica,FALSO,P84627985
2414,8608,119,26,Economica,VERDADERO,D46250570
2029,5120,101,4,Economica,FALSO,F69466449
1080,9560,102,28,Ejecutiva,FALSO,R56995721
3951,4102,118,27,Economica,VERDADERO,S05106445
3293,3081,119,27,Ejecutiva,VERDADERO,C63211080
3543,6020,96,24,Ejecutiva,FALSO,N55362278
2123,1340,104,18,Economica,VERDADERO,V79731274
3752,9750,107,27,Economica,FALSO,N47846939
3591,5408,100,3,Economica,FALSO,P11550487
3463,6990,132,24,Primera clase,FALSO,F23633774
444,5552,115,4,Economica,FALSO,J76795477
3298,2781,121,9,Ejecutiva,VERDADERO,O85238546
4247,4209,99,21,Economica,VERDADERO,Y13424296
3339,2938,123,30,Economica,FALSO,J47009281
3832,705,113,26,Economica,FALSO,F69466449
1722,2755,130,1,Primera clase,FALSO,C63211080
3376,5335,125,8,Economica,VERDADERO,T72132858
181,1805,103,4,Ejecutiva,FALSO,F89276118
3421,9048,130,17,Primera clase,VERDADERO,S03830222
4186,3100,132,14,Economica,FALSO,T33834498
945,9315,97,7,Economica,VERDADERO,N15841852
2739,5390,100,14,Economica,FALSO,R17782317
3591,1970,100,5,Economica,FALSO,G69357980
2844,9497,101,11,Economica,VERDADERO,T18212951
2597,4866,133,8,Ejecutiva,FALSO,F70729457
2262,7726,111,28,Economica,VERDADERO,F69466449
1749,148,133,26,Economica,FALSO,Y38354449
4800,8291,127,20,Primera clase,FALSO,I78807927
4646,7073,116,5,Economica,VERDADERO,Z09262256
3394,1065,126,26,Economica,FALSO,S05106445
3405,4849,128,23,Primera clase,FALSO,X49704522
4064,4193,125,15,Economica,VERDADERO,N49905893
4660,2163,117,20,Economica,VERDADERO,H23592194
873,9807,133,7,Economica,FALSO,T72132858
3366,6581,124,14,Ejecutiva,FALSO,X49704522
1007,6515,98,13,Economica,VERDADERO,J86333952
174,6357,102,14,Economica,FALSO,I78807927
2271,1179,112,9,Ejecutiva,FALSO,F89276118
4523,2006,113,28,Economica,FALSO,W23173820
629,8752,123,25,Economica,VERDADERO,P34583903
1975,6070,98,15,Economica,FALSO,Y13424296
2625,90,97,3,Economica,VERDADERO,U37349664
4263,4776,100,8,Economica,FALSO,T72132858
3366,6996,124,2,Economica,FALSO,K07643594
2133,1090,105,22,Ejecutiva,VERDADERO,I71542181
2633,5203,98,9,Economica,FALSO,
1051,9059,101,5,Economica,VERDADERO,T72132858
4265,1968,101,21,Ejecutiva,FALSO,L87663260
1975,7107,98,20,Economica,FALSO,Y88079794
4004,4165,123,27,Economica,VERDADERO,I71542181
2543,1548,129,26,Primera clase,FALSO,N55362278
3887,9607,116,31,Economica,FALSO,K07643594
2220,7617,109,16,Ejecutiva,VERDADERO,P11550487
1155,3107,106,20,Primera clase,FALSO,X49704522
221,927,106,13,Primera clase,VERDADERO,F69466449
834,707,130,10,Economica,VERDADERO,N55362278
1970,9352,97,18,Ejecutiva,VERDADERO,L87663260
4926,7305,131,17,Ejecutiva,VERDADERO,D46250570
2440,7103,120,12,Ejecutiva,VERDADERO,T18212951
3147,3360,113,24,Ejecutiva,VERDADERO,Q76465555
4727,4588,121,14,Ejecutiva,VERDADERO,J47009281
3396,8335,127,16,Economica,FALSO,K07643594
2276,1929,113,14,Ejecutiva,VERDADERO,R17782317
4209,81,95,20,Economica,VERDADERO,T18212951
4634,8309,115,19,Primera clase,VERDADERO,Q76465555
4150,2766,128,29,Economica,VERDADERO,G15489494
174,8435,102,27,Economica,VERDADERO,S03830222
3978,9739,121,17,Ejecutiva,VERDADERO,I63697476
1678,4775,127,26,Economica,VERDADERO,N47846939
3298,7542,121,8,Ejecutiva,FALSO,F70729457
4727,4792,121,13,Ejecutiva,FALSO,K07643594
2301,7215,117,24,Economica,FALSO,W23173820
4064,8737,125,13,Ejecutiva,VERDADERO,R17782317
2054,5672,103,8,Economica,VERDADERO,Z87364523
3836,4668,114,13,Economica,FALSO,T72132858
4372,9630,104,7,Primera clase,FALSO,L97895867
2540,5030,127,30,Primera clase,FALSO,N68461604
894,7883,95,30,Ejecutiva,VERDADERO,S05106445
2414,8296,119,16,Economica,VERDADERO,F23633774
1726,6576,131,2,Economica,VERDADERO,O41678476
2578,8371,132,23,Economica,VERDADERO,O04335063
736,4956,125,11,Economica,FALSO,
1515,6869,122,27,Economica,FALSO,X91486662
3772,7558,108,30,Economica,FALSO,S03830222
1016,4985,99,6,Primera clase,FALSO,O01507856
4158,9966,129,24,Primera clase,FALSO,N68461604
4758,5129,122,20,Economica,FALSO,J39937043
2515,2382,126,21,Economica,VERDADERO,T18212951
2123,4249,104,12,Economica,FALSO,J46610530
4470,8880,110,27,Ejecutiva,VERDADERO,X84322989
1155,4462,106,28,Primera clase,VERDADERO,Q62966391
843,7472,132,13,Ejecutiva,FALSO,G69357980
4247,7594,99,27,Primera clase,FALSO,L97895867
3059,1545,111,32,Economica,FALSO,J33947155
1642,994,126,29,Ejecutiva,FALSO,V79731274
3543,9017,96,21,Primera clase,FALSO,R10584802
1007,6779,98,29,Primera clase,FALSO,S03830222
